INSERT INTO Pengguna(id, notifikasi, nama, email, password)
VALUES(01, 0, 'kenny', 'kenny@gmail.com', 'kenny123'),
(02, 0, 'tjahyadi', 'tjahyadi@gmail.com', 'cah123'),
(03, 0, 'darren', 'darrenlee@gmail.com', 'darren123'),
(04, 0, 'marce', 'marcelgeraldo@gmail.com', 'marcel123'),
(05, 0, 'rama', 'rama@gmail.com', 'rama123'),
(06, 0, 'ariq', 'riq@gmail.com', 'riq123'),
(07, 0, 'upek', 'upek@gmail.com', 'upek123'),
(08, 0, 'obed','obed@gmail.com', 'obed123'),
(09, 0, 'andre', 'andre@gmail.com', 'andre123'),
(10, 0, 'beni', 'beni@gmail.com', 'beni123'),
(11, 0, 'martin', 'artin@gmail.com', 'martin123'),
(12, 0, 'sei', 'sei@gmail.com', 'sei123'),
(13, 0, 'argon', 'argon@gmail.com', 'argon123'),
(14, 0, 'sisca', 'sisca@gmail.com', 'sisca123'),
(15, 0, 'iofi', 'iofi@gmail.com', 'iofi123'),
(16, 0, 'kana', 'kana@gmail.com', 'kana123'),
(17, 0, 'niki', 'niki@gmail.com', 'niki123'),
(18, 0, 'raymond', 'aymond@gmail.com', 'raymond123'),
(19, 0, 'steven', 'steven@gmail.com', 'steven123'),
(20, 0, 'zaki', 'zaki@gmail.com', 'zaki123'),
(21, 0, 'tiara', 'tiara@gmail.com', 'tiara123'),
(22, 0, 'sella', 'ella@gmail.com', 'sella123'),
(23, 0, 'luna', 'luna@gmail.com', 'luna123'),
(24, 0, 'melly', 'melly@gmail.com', 'melly123'),
(25, 0, 'richard', 'richard@gmail.com', 'richard123'),
(26, 0, 'anin', 'anin@gmail.com', 'anin123'),
(27, 0, 'kohaibi', 'kohaibi@gmail.com', 'kohaibi123'),
(28, 0, 'firman', 'firman@gmail.com', 'firman123'),
(29, 0, 'mahesa', 'mahesa@gmail.com', 'mahesa123'),
(30, 0, 'awan', 'awan@gmail.com', 'awan123'),
(31, 0, 'anugrah', 'anugrah@gmail.com', 'anugrah123'),
(32, 0, 'chris', 'chris@gmail.com', 'chris123'),
(33, 0, 'aldo', 'aldo@gmail.com', 'aldo123'),
(34, 0, 'gon', 'gon@gmail.com', 'gon123'),
(35, 0, 'julio', 'julio@gmail.com', 'julio123'),
(36, 0, 'kiara', 'kiara@gmail.com', 'kiara123'),
(37, 0, 'amelia', 'amelia@gmail.com', 'amelia123'),
(38, 0, 'david', 'david@gmail.com', 'david123'),
(39, 0, 'maya', 'maya@gmail.com', 'maya123'),
(40, 0, 'waga', 'waga@gmail.com', 'waga123'),
(41, 0, 'rivaldo', 'rivaldo@gmail.com', 'rivaldo123'),
(42, 0, 'zulma', 'zulma@gmail.com', 'zulma123'),
(43, 0, 'ganda', 'ganda@gmail.com', 'ganda123'),
(44, 0, 'rehanus', 'rehanus@gmail.com', 'rehanus123'),
(45, 0, 'fira', 'fira@gmail.com', 'firal123'),
(46, 0, 'vina', 'vina@gmail.com', 'vina123'),
(47, 0, 'dimas', 'dimas@gmail.com', 'imas123'),
(48, 0, 'bari', 'bari@gmail.com', 'bari123'),
(49, 0, 'adi', 'adi@gmail.com', 'adi123'),
(50, 0, 'rin', 'rin@gmail.com', 'rin123');


INSERT INTO Gate(nomorGate)
VALUES(1),(2),(3),(4);

INSERT INTO Gedung(nomorGedung, kapasitas)
VALUES(1, 1000),(2, 1000),(3, 1000),(4, 1000),(5, 1000),(6, 1000),(7, 1000),(8, 1000),(9, 1000),(10, 1000);

INSERT INTO adminUniv(	idAdmin, passwordAdmin, emailAdmin)
VALUES(1, 'ganteng123', 'ramaGanteng@gmail.com'),
(2, 'Tjah123','edward@gmail.com'),
(3, 'Mamamintapulsa','obed@gmail.com'),
(4, 'upeka123', 'upek123@gmail.com'),
(5,'admin', 'tasya@gmail.com');

INSERT INTO rekamGate(idUser, nomorGate, waktuGate, statusGate) 
VALUES
(01, 1, getdate(), 'in'),
(02, 2, getdate(), 'in'),
(03, 1, getdate(), 'in'),
(04, 3, getdate(), 'in'),
(05, 1, getdate(), 'in'),
(06, 1, getdate(), 'in'),
(07, 4, getdate(), 'in'),
(08, 1, getdate(), 'in'),
(09, 1, getdate(), 'in'),
(10, 1, getdate(), 'in'),
(11, 1, getdate(), 'in'),
(12, 2, getdate(), 'in'),
(13, 1, getdate(), 'in'),
(14, 1, getdate(), 'in'),
(15, 1, getdate(), 'in'),
(16, 3, getdate(), 'in'),
(17, 1, getdate(), 'in'),
(18, 1, getdate(), 'in'),
(19, 2, getdate(), 'in'),
(20, 1, getdate(), 'in'),
(21, 1, getdate(), 'in'),
(22, 1, getdate(), 'in'),
(23, 2, getdate(), 'in'),
(24, 1, getdate(), 'in'),
(25, 4, getdate(), 'in'),
(26, 1, getdate(), 'in'),
(27, 2, getdate(), 'in'),
(28, 1, getdate(), 'in'),
(29, 3, getdate(), 'in'),
(30, 1, getdate(), 'in'),
(31, 1, getdate(), 'in'),
(32, 4, getdate(), 'in'),
(33, 1, getdate(), 'in'),
(34, 1, getdate(), 'in'),
(35, 1, getdate(), 'in'),
(36, 1, getdate(), 'in'),
(37, 2, getdate(), 'in'),
(38, 1, getdate(), 'in'),
(39, 1, getdate(), 'in'),
(40, 1, getdate(), 'in'),
(41, 3, getdate(), 'in'),
(42, 1, getdate(), 'in'),
(43, 1, getdate(), 'in'),
(44, 2, getdate(), 'in'),
(45, 1, getdate(), 'in'),
(46, 1, getdate(), 'in'),
(47, 1, getdate(), 'in'),
(48, 2, getdate(), 'in'),
(49, 1, getdate(), 'in'),
(50, 4, getdate(), 'in')


INSERT INTO rekamGedung(idUser, nomorGedung, waktuGedung, statusGedung) 
VALUES
(01, 9, getdate(), 'in'),
(02, 2, getdate(), 'in'),
(03, 1, getdate(), 'in'),
(04, 3, getdate(), 'in'),
(05, 1, getdate(), 'in'),
(06, 9, getdate(), 'in'),
(07, 4, getdate(), 'in'),
(08, 1, getdate(), 'in'),
(09, 10, getdate(), 'in'),
(10, 1, getdate(), 'in'),
(11, 8, getdate(), 'in'),
(12, 2, getdate(), 'in'),
(13, 1, getdate(), 'in'),
(14, 1, getdate(), 'in'),
(15, 1, getdate(), 'in'),
(16, 3, getdate(), 'in'),
(17, 1, getdate(), 'in'),
(18, 7, getdate(), 'in'),
(19, 2, getdate(), 'in'),
(20, 1, getdate(), 'in'),
(21, 1, getdate(), 'in'),
(22, 7, getdate(), 'in'),
(23, 2, getdate(), 'in'),
(24, 1, getdate(), 'in'),
(25, 4, getdate(), 'in'),
(26, 6, getdate(), 'in'),
(27, 2, getdate(), 'in'),
(28, 1, getdate(), 'in'),
(29, 6, getdate(), 'in'),
(30, 1, getdate(), 'in'),
(31, 4, getdate(), 'in'),
(32, 4, getdate(), 'in'),
(33, 1, getdate(), 'in'),
(34, 1, getdate(), 'in'),
(35, 3, getdate(), 'in'),
(36, 1, getdate(), 'in'),
(37, 3, getdate(), 'in'),
(38, 1, getdate(), 'in'),
(39, 6, getdate(), 'in'),
(40, 1, getdate(), 'in'),
(41, 5, getdate(), 'in'),
(42, 1, getdate(), 'in'),
(43, 5, getdate(), 'in'),
(44, 8, getdate(), 'in'),
(45, 1, getdate(), 'in'),
(46, 9, getdate(), 'in'),
(47, 1, getdate(), 'in'),
(48, 2, getdate(), 'in'),
(49, 9, getdate(), 'in'),
(50, 10, getdate(), 'in')
